;marca;preco
0;Kit Barbeiro 3 Tesouras Profissionais + 2 Máquina Corte;381.54
1;Tesoura Costura 690 - 24cm Mundial;56.90
2;Tesoura De Costura Profissional Mundial Aço 20,5cm 445-8;139.90
3;Alicate Cortador De Unha Pet Pequeno Cachorro Gato;23.90
4;Tesoura Escolar Infantil Sem Ponta Mundial Inox 11cm;16.69
5;Tesoura Grande Afiada Picotar Costura Corta Cabelo Premium;14.99
6;Kit Barbeiro 3 Tesouras Profissionais + 2 Máquina Corte;381.54
7;Tesoura Costura 690 - 24cm Mundial;56.90
8;Tesoura De Costura Profissional Mundial Aço 20,5cm 445-8;139.90
9;Alicate Cortador De Unha Pet Pequeno Cachorro Gato;23.90
10;Tesoura Escolar Infantil Sem Ponta Mundial Inox 11cm;16.69
11;Tesoura Grande Afiada Picotar Costura Corta Cabelo Premium;14.99
12;Kit Barbeiro 3 Tesouras Profissionais + 2 Máquina Corte;381.54
13;Tesoura Costura 690 - 24cm Mundial;56.90
14;Tesoura De Costura Profissional Mundial Aço 20,5cm 445-8;139.90
15;Alicate Cortador De Unha Pet Pequeno Cachorro Gato;23.90
16;Tesoura Escolar Infantil Sem Ponta Mundial Inox 11cm;16.69
17;Tesoura Grande Afiada Picotar Costura Corta Cabelo Premium;14.99
18;Kit Barbeiro 3 Tesouras Profissionais + 2 Máquina Corte;381.54
19;Tesoura Costura 690 - 24cm Mundial;56.90
20;Tesoura De Costura Profissional Mundial Aço 20,5cm 445-8;139.90
21;Alicate Cortador De Unha Pet Pequeno Cachorro Gato;23.90
22;Tesoura Escolar Infantil Sem Ponta Mundial Inox 11cm;16.69
23;Tesoura Grande Afiada Picotar Costura Corta Cabelo Premium;14.99
24;Kit Barbeiro 3 Tesouras Profissionais + 2 Máquina Corte;381.54
25;Kit 2 Tesouras Profissionais 6,5  Barbeiro E Cabeleileiro;164.90
26;Tesoura Profissional Desfiadeira Debastadeira Dentada 6.5;79.99
27;Tesoura Escolar Infantil Sem Ponta Mundial Inox 11cm;16.69
28;Tesoura Multiuso Cortácil Mundial Aço Inox Leve Confortável;30.15
29;Tesoura Grande Afiada Picotar Costura Corta Cabelo Premium;14.99
30;Kit Barbeiro 3 Tesouras Profissionais + 2 Máquina Corte;381.54
31;Tesoura Costura 690 - 24cm Mundial;56.90
32;Tesoura De Costura Profissional Mundial Aço 20,5cm 445-8;139.90
33;Alicate Cortador De Unha Pet Pequeno Cachorro Gato;23.90
34;Tesoura Escolar Infantil Sem Ponta Mundial Inox 11cm;16.69
35;Tesoura Grande Afiada Picotar Costura Corta Cabelo Premium;14.99
36;Kit Barbeiro 3 Tesouras Profissionais + 2 Máquina Corte;381.54
37;Tesoura Costura 690 - 24cm Mundial;56.90
38;Tesoura De Costura Profissional Mundial Aço 20,5cm 445-8;139.90
39;Alicate Cortador De Unha Pet Pequeno Cachorro Gato;23.90
40;Tesoura Escolar Infantil Sem Ponta Mundial Inox 11cm;16.69
41;Tesoura Grande Afiada Picotar Costura Corta Cabelo Premium;14.99
42;Kit Barbeiro 3 Tesouras Profissionais + 2 Máquina Corte;381.54
43;Tesoura Costura 690 - 24cm Mundial;56.90
44;Tesoura De Costura Profissional Mundial Aço 20,5cm 445-8;139.90
45;Alicate Cortador De Unha Pet Pequeno Cachorro Gato;23.90
46;Tesoura Escolar Infantil Sem Ponta Mundial Inox 11cm;16.69
47;Tesoura Grande Afiada Picotar Costura Corta Cabelo Premium;14.99
48;Kit Barbeiro 3 Tesouras Profissionais + 2 Máquina Corte;381.54
49;Tesoura Costura 690 - 24cm Mundial;56.90
50;Tesoura De Costura Profissional Mundial Aço 20,5cm 445-8;139.90
51;Alicate Cortador De Unha Pet Pequeno Cachorro Gato;23.90
52;Tesoura Escolar Infantil Sem Ponta Mundial Inox 11cm;16.69
53;Tesoura Grande Afiada Picotar Costura Corta Cabelo Premium;14.99
